{
  "1-10": {
    "richardson": {
      "cosine_similarity": {
        "mean": 0.9626815319061279,
        "std": 0.00641950988732765
      },
      "optimal_alpha": {
        "mean": 0.3229033251603444,
        "std": 0.028450463393180372
      },
      "r_squared": {
        "mean": 0.6943790683294435,
        "std": 0.03424378466037408
      },
      "mse": {
        "mean": 0.07244095355272293,
        "std": 0.010421008323019766
      }
    },
    "gradient_descent": {
      "cosine_similarity": {
        "mean": 0.8964824954668681,
        "std": 0.017892374604146145
      },
      "optimal_alpha": {
        "mean": 0.04462803800900777,
        "std": 0.01039048275523536
      },
      "r_squared": {
        "mean": 0.29283674726526815,
        "std": 0.04751966104136312
      },
      "mse": {
        "mean": 0.16742525200049083,
        "std": 0.01799580793000365
      }
    },
    "newton": {
      "cosine_similarity": {
        "mean": 0.9997870842615764,
        "std": 5.3919636265975416e-05
      },
      "optimal_alpha": {
        "mean": 0.9961166103680928,
        "std": 0.003401346567036299
      },
      "r_squared": {
        "mean": 0.9994407903443852,
        "std": 0.0002138002260226722
      },
      "mse": {
        "mean": 0.00013344072503969074,
        "std": 5.114057471092885e-05
      }
    },
    "jacobi": {
      "cosine_similarity": {
        "mean": 0.9719915946324666,
        "std": 0.004715882627167146
      },
      "optimal_alpha": {
        "mean": 0.9242892543474833,
        "std": 0.020654649909653024
      },
      "r_squared": {
        "mean": 0.924375454216126,
        "std": 0.012250427616187625
      },
      "mse": {
        "mean": 0.01811254471540451,
        "std": 0.004186570095695315
      }
    },
    "steepest_descent": {
      "cosine_similarity": {
        "mean": 0.9626815438270568,
        "std": 0.006419508782441482
      },
      "optimal_alpha": {
        "mean": 1.0423924207687378,
        "std": 0.00939031802183891
      },
      "r_squared": {
        "mean": 0.9260015833697613,
        "std": 0.013482393246321049
      },
      "mse": {
        "mean": 0.017705492426951727,
        "std": 0.0043423525682474914
      }
    }
  },
  "10-50": {
    "richardson": {
      "cosine_similarity": {
        "mean": 0.8636512796084086,
        "std": 0.011654561489652633
      },
      "optimal_alpha": {
        "mean": 0.07203658570845922,
        "std": 0.013972584063200276
      },
      "r_squared": {
        "mean": 0.5024007579711173,
        "std": 0.05574257040619539
      },
      "mse": {
        "mean": 0.11798113882541657,
        "std": 0.018226695149444253
      }
    },
    "gradient_descent": {
      "cosine_similarity": {
        "mean": 0.7225025097529093,
        "std": 0.025154569598139012
      },
      "optimal_alpha": {
        "mean": 0.0019433956748495498,
        "std": 0.0008059113745642056
      },
      "r_squared": {
        "mean": 0.18191613571598192,
        "std": 0.04784716943103329
      },
      "mse": {
        "mean": 0.19362101554870606,
        "std": 0.01958994520768787
      }
    },
    "newton": {
      "cosine_similarity": {
        "mean": 0.9990972916285197,
        "std": 0.00026450190768709475
      },
      "optimal_alpha": {
        "mean": 0.9982438961664836,
        "std": 0.0033437771085238453
      },
      "r_squared": {
        "mean": 0.9980982015993873,
        "std": 0.0005678363350758712
      },
      "mse": {
        "mean": 0.00045018637320026755,
        "std": 0.00014228742706463016
      }
    },
    "jacobi": {
      "cosine_similarity": {
        "mean": 0.8801044702529908,
        "std": 0.01421243516948622
      },
      "optimal_alpha": {
        "mean": 0.7118033806482951,
        "std": 0.045056581344062784
      },
      "r_squared": {
        "mean": 0.7087190374135555,
        "std": 0.03479306716295735
      },
      "mse": {
        "mean": 0.06878800516327223,
        "std": 0.008979681347287901
      }
    },
    "steepest_descent": {
      "cosine_similarity": {
        "mean": 0.8636512875556945,
        "std": 0.011654552233401646
      },
      "optimal_alpha": {
        "mean": 1.1215806643168131,
        "std": 0.020545175209051896
      },
      "r_squared": {
        "mean": 0.7473955345641049,
        "std": 0.02687440813526219
      },
      "mse": {
        "mean": 0.05982693806290627,
        "std": 0.008518236955968789
      }
    }
  },
  "50-100": {
    "richardson": {
      "cosine_similarity": {
        "mean": 0.8018096168835958,
        "std": 0.012441042504196222
      },
      "optimal_alpha": {
        "mean": 0.026632893830537796,
        "std": 0.0034080254545616703
      },
      "r_squared": {
        "mean": 0.4278488850577469,
        "std": 0.05097664892041194
      },
      "mse": {
        "mean": 0.1333686555425326,
        "std": 0.021935220703308625
      }
    },
    "gradient_descent": {
      "cosine_similarity": {
        "mean": 0.650359300772349,
        "std": 0.029361769330391422
      },
      "optimal_alpha": {
        "mean": 0.0003188978201554467,
        "std": 8.010895148112837e-05
      },
      "r_squared": {
        "mean": 0.1932794322104426,
        "std": 0.039773653169572785
      },
      "mse": {
        "mean": 0.18740431368350982,
        "std": 0.021454415757011132
      }
    },
    "newton": {
      "cosine_similarity": {
        "mean": 0.9967514673868815,
        "std": 0.0013203315612990217
      },
      "optimal_alpha": {
        "mean": 1.0013031919797262,
        "std": 0.007297679452842405
      },
      "r_squared": {
        "mean": 0.9946586281059581,
        "std": 0.0017869512648472014
      },
      "mse": {
        "mean": 0.001247821682288001,
        "std": 0.0004691048162400326
      }
    },
    "jacobi": {
      "cosine_similarity": {
        "mean": 0.8182905713717142,
        "std": 0.018602180556559426
      },
      "optimal_alpha": {
        "mean": 0.5929857174555461,
        "std": 0.05454211340213697
      },
      "r_squared": {
        "mean": 0.5761533079025808,
        "std": 0.0498582184798946
      },
      "mse": {
        "mean": 0.09872925182183584,
        "std": 0.016876342605284433
      }
    },
    "steepest_descent": {
      "cosine_similarity": {
        "mean": 0.8018096248308818,
        "std": 0.012441058895074623
      },
      "optimal_alpha": {
        "mean": 1.1458072423934937,
        "std": 0.02189960979791746
      },
      "r_squared": {
        "mean": 0.6476819325915187,
        "std": 0.030952250292878004
      },
      "mse": {
        "mean": 0.08214502980311712,
        "std": 0.01324452455739453
      }
    }
  },
  "100-200": {
    "richardson": {
      "cosine_similarity": {
        "mean": 0.7747997124989827,
        "std": 0.01623654488330994
      },
      "optimal_alpha": {
        "mean": 0.014148219612737496,
        "std": 0.0016485761045981755
      },
      "r_squared": {
        "mean": 0.3876633175935281,
        "std": 0.033600778111290815
      },
      "mse": {
        "mean": 0.1562759608030319,
        "std": 0.017367188483056743
      }
    },
    "gradient_descent": {
      "cosine_similarity": {
        "mean": 0.6355217576026917,
        "std": 0.018080251665496285
      },
      "optimal_alpha": {
        "mean": 8.921530316001736e-05,
        "std": 1.726658663819465e-05
      },
      "r_squared": {
        "mean": 0.1764780553647395,
        "std": 0.028935448842039056
      },
      "mse": {
        "mean": 0.21031602521737416,
        "std": 0.02278221450592295
      }
    },
    "newton": {
      "cosine_similarity": {
        "mean": 0.99220685561498,
        "std": 0.002876253414033914
      },
      "optimal_alpha": {
        "mean": 1.0025472919146219,
        "std": 0.007105916209112963
      },
      "r_squared": {
        "mean": 0.9864433331367025,
        "std": 0.0029897420593510823
      },
      "mse": {
        "mean": 0.003447012525672714,