{
  "1-10": {
    "richardson": {
      "cosine_similarity": {
        "mean": 0.9734484076499939,
        "std": 0.0057379425850982765
      },
      "optimal_alpha": {
        "mean": 0.40719916820526125,
        "std": 0.042856819607716846
      },
      "r_squared": {
        "mean": 0.7739601922830358,
        "std": 0.03553862743669892
      },
      "mse": {
        "mean": 0.06720821633934974,
        "std": 0.013095363714812415
      }
    },
    "gradient_descent": {
      "cosine_similarity": {
        "mean": 0.9136463363965353,
        "std": 0.01748281569313447
      },
      "optimal_alpha": {
        "mean": 0.06666087210178376,
        "std": 0.020315706180391746
      },
      "r_squared": {
        "mean": 0.35517371255164465,
        "std": 0.0592665218035702
      },
      "mse": {
        "mean": 0.1914593497912089,
        "std": 0.02555546013036885
      }
    },
    "newton": {
      "cosine_similarity": {
        "mean": 0.9989148457845052,
        "std": 0.00017393827651683734
      },
      "optimal_alpha": {
        "mean": 1.0927650610605875,
        "std": 0.013640323439857625
      },
      "r_squared": {
        "mean": 0.9929340993574926,
        "std": 0.0016849540083159434
      },
      "mse": {
        "mean": 0.0020908248377963902,
        "std": 0.0005159410381916098
      }
    },
    "jacobi": {
      "cosine_similarity": {
        "mean": 0.9784749825795491,
        "std": 0.005364308206920492
      },
      "optimal_alpha": {
        "mean": 1.0345142563184102,
        "std": 0.027596842499996527
      },
      "r_squared": {
        "mean": 0.9332308598745974,
        "std": 0.01652900846339478
      },
      "mse": {
        "mean": 0.019858124976356823,
        "std": 0.0055017901161205
      }
    },
    "steepest_descent": {
      "cosine_similarity": {
        "mean": 0.9734484076499939,
        "std": 0.005737942319436669
      },
      "optimal_alpha": {
        "mean": 1.1482338984807332,
        "std": 0.017910533678280292
      },
      "r_squared": {
        "mean": 0.9360217041392037,
        "std": 0.011684399540076239
      },
      "mse": {
        "mean": 0.01902840988089641,
        "std": 0.004165613043502365
      }
    }
  },
  "10-50": {
    "richardson": {
      "cosine_similarity": {
        "mean": 0.9054372032483419,
        "std": 0.007757742249421557
      },
      "optimal_alpha": {
        "mean": 0.08846489439407984,
        "std": 0.013626733964792023
      },
      "r_squared": {
        "mean": 0.5974065557976621,
        "std": 0.05425398498364668
      },
      "mse": {
        "mean": 0.15187730689843496,
        "std": 0.021402639480682394
      }
    },
    "gradient_descent": {
      "cosine_similarity": {
        "mean": 0.7726202209790548,
        "std": 0.017252069047383273
      },
      "optimal_alpha": {
        "mean": 0.002343912795186043,
        "std": 0.0007877145370179036
      },
      "r_squared": {
        "mean": 0.25120729597734603,
        "std": 0.06266447952394068
      },
      "mse": {
        "mean": 0.28244541883468627,
        "std": 0.028256072101272442
      }
    },
    "newton": {
      "cosine_similarity": {
        "mean": 0.9942172010739644,
        "std": 0.0014414218068823632
      },
      "optimal_alpha": {
        "mean": 1.2249804099400838,
        "std": 0.022857540649226873
      },
      "r_squared": {
        "mean": 0.9791073215798103,
        "std": 0.0034375952615684456
      },
      "mse": {
        "mean": 0.007905562097827593,
        "std": 0.0015041200483472397
      }
    },
    "jacobi": {
      "cosine_similarity": {
        "mean": 0.9058529535929362,
        "std": 0.0134315081272259
      },
      "optimal_alpha": {
        "mean": 0.8959575653076172,
        "std": 0.05100450243661373
      },
      "r_squared": {
        "mean": 0.7499103516286193,
        "std": 0.039447451984459
      },
      "mse": {
        "mean": 0.09462112685044606,
        "std": 0.018096141087346123
      }
    },
    "steepest_descent": {
      "cosine_similarity": {
        "mean": 0.9054372032483419,
        "std": 0.007757739986135837
      },
      "optimal_alpha": {
        "mean": 1.4440884033838908,
        "std": 0.025654746035726435
      },
      "r_squared": {
        "mean": 0.8200771483342563,
        "std": 0.01350701823161823
      },
      "mse": {
        "mean": 0.06781910235683124,
        "std": 0.005943697046698518
      }
    }
  },
  "50-100": {
    "richardson": {
      "cosine_similarity": {
        "mean": 0.8655709346135457,
        "std": 0.01582207190385096
      },
      "optimal_alpha": {
        "mean": 0.0382689385364453,
        "std": 0.004334372294641859
      },
      "r_squared": {
        "mean": 0.5679088735548489,
        "std": 0.037294952873545485
      },
      "mse": {
        "mean": 0.18062831858793896,
        "std": 0.019854613977373117
      }
    },
    "gradient_descent": {
      "cosine_similarity": {
        "mean": 0.7262067675590516,
        "std": 0.033407553930044895
      },
      "optimal_alpha": {
        "mean": 0.00048693757077368597,
        "std": 9.275615834504468e-05
      },
      "r_squared": {
        "mean": 0.29757419006425084,
        "std": 0.04559966289755497
      },
      "mse": {
        "mean": 0.2933776557445526,
        "std": 0.025236662543192966
      }
    },
    "newton": {
      "cosine_similarity": {
        "mean": 0.9860975941022238,
        "std": 0.002462897888518478
      },
      "optimal_alpha": {
        "mean": 1.28757696946462,
        "std": 0.027072636769841764
      },
      "r_squared": {
        "mean": 0.9581620104508443,
        "std": 0.009207141449788288
      },
      "mse": {
        "mean": 0.01761824612816175,
        "std": 0.004684324028392745
      }
    },
    "jacobi": {
      "cosine_similarity": {
        "mean": 0.848414941628774,
        "std": 0.019511246065015243
      },
      "optimal_alpha": {
        "mean": 0.7713693579037985,
        "std": 0.05584701742947143
      },
      "r_squared": {
        "mean": 0.6331450437852572,
        "std": 0.05021616803566761
      },
      "mse": {
        "mean": 0.15355921785036722,
        "std": 0.024666968002847442
      }
    },
    "steepest_descent": {
      "cosine_similarity": {
        "mean": 0.8655709266662598,
        "std": 0.01582206433411598
      },
      "optimal_alpha": {
        "mean": 1.6082490762074788,
        "std": 0.03735526540766542
      },
      "r_squared": {
        "mean": 0.7619871985138923,
        "std": 0.02700862334332559
      },
      "mse": {
        "mean": 0.09939653972784677,
        "std": 0.012491776755564316
      }
    }
  },
  "100-200": {
    "richardson": {
      "cosine_similarity": {
        "mean": 0.8367404739061991,
        "std": 0.009007367629898977
      },
      "optimal_alpha": {
        "mean": 0.021741385261217754,
        "std": 0.002363302775479138
      },
      "r_squared": {
        "mean": 0.5260774932378091,
        "std": 0.03587059671364787
      },
      "mse": {
        "mean": 0.21536258955796558,
        "std": 0.02586910542226238
      }
    },
    "gradient_descent": {
      "cosine_similarity": {
        "mean": 0.697653599580129,
        "std": 0.02021481003182596
      },
      "optimal_alpha": {
        "mean": 0.0001501454035557496,
        "std": 2.7113628526534786e-05
      },
      "r_squared": {
        "mean": 0.2714145917940289,
        "std": 0.0410253922724361
      },
      "mse": {
        "mean": 0.3310394028822581,
        "std": 0.03575601574677484
      }
    },
    "newton": {
      "cosine_similarity": {
        "mean": 0.9807609796524048,
        "std": 0.0030220858647364937
      },
      "optimal_alpha": {
        "mean": 1.3049255768458048,
        "std": 0.027187581356366966
      },
      "r_squared": {
        "mean": 0.9478234335983872,
        "std": 0.00879094405243691
      },
      "mse": {
        "mean": 0.02362595163285732,