{
  "by_kappa": {
    "1": {
      "mse_by_iteration": {
        "0": {
          "mean": 7.48613351606764e-05,
          "std": 5.189577913799028e-05
        },
        "1": {
          "mean": 5.171687233087141e-05,
          "std": 1.2746237379024792e-05
        },
        "2": {
          "mean": 5.265849824354518e-05,
          "std": 1.6631090715188532e-05
        },
        "3": {
          "mean": 5.41398768837098e-05,
          "std": 2.0205014086135335e-05
        },
        "4": {
          "mean": 5.4746494788560086e-05,
          "std": 2.192433408413339e-05
        },
        "5": {
          "mean": 5.499263432284352e-05,
          "std": 2.2668883698861266e-05
        },
        "6": {
          "mean": 5.509131158760283e-05,
          "std": 2.2981164487836365e-05
        },
        "7": {
          "mean": 5.513088886800688e-05,
          "std": 2.3110517757017284e-05
        },
        "8": {
          "mean": 5.514687109098304e-05,
          "std": 2.316402398018839e-05
        },
        "9": {
          "mean": 5.515334851224907e-05,
          "std": 2.3186358091263928e-05
        }
      },
      "improvement_factor": {
        "mean": 1.325313152579254,
        "std": 0.5311590022156933
      },
      "convergence_iteration": 2,
      "actual_kappas": {
        "mean": 1.0289206600561738,
        "std": 0.020380159354765892,
        "min": 1.0000076293945312,
        "max": 1.0963287353515625
      }
    },
    "2": {
      "mse_by_iteration": {
        "0": {
          "mean": 4.9552746168046725e-05,
          "std": 5.343164546149432e-05
        },
        "1": {
          "mean": 3.20332598494133e-05,
          "std": 1.1783915354059472e-05
        },
        "2": {
          "mean": 3.189610979461577e-05,
          "std": 1.1757266672061276e-05
        },
        "3": {
          "mean": 3.253643899370218e-05,
          "std": 1.4245605126853021e-05
        },
        "4": {
          "mean": 3.2846344947756736e-05,
          "std": 1.5802443612477134e-05
        },
        "5": {
          "mean": 3.2986771439027505e-05,
          "std": 1.6549073704614467e-05
        },
        "6": {
          "mean": 3.304766676592408e-05,
          "std": 1.6879898840567557e-05
        },
        "7": {
          "mean": 3.3073737868107855e-05,
          "std": 1.7022633830245363e-05
        },
        "8": {
          "mean": 3.308483224827796e-05,
          "std": 1.7083654232594154e-05
        },
        "9": {
          "mean": 3.308957180706784e-05,
          "std": 1.7109601064380568e-05
        }
      },
      "improvement_factor": {
        "mean": 1.417056886958741,
        "std": 0.6179336344590729
      },
      "convergence_iteration": 2,
      "actual_kappas": {
        "mean": 1.525189715102315,
        "std": 0.21264069393121626,
        "min": 1.0315359830856323,
        "max": 2.1725339889526367
      }
    },
    "5": {
      "mse_by_iteration": {
        "0": {
          "mean": 6.034468140569516e-05,
          "std": 1.3436009775990582e-05
        },
        "1": {
          "mean": 5.72175657725893e-05,
          "std": 1.623069619766359e-05
        },
        "2": {
          "mean": 5.686982432962395e-05,
          "std": 1.589795094061363e-05
        },
        "3": {
          "mean": 5.6910362982307564e-05,
          "std": 1.594909993377979e-05
        },
        "4": {
          "mean": 5.6911248320830056e-05,
          "std": 1.59508942290424e-05
        },
        "5": {
          "mean": 5.6911493666120804e-05,
          "std": 1.5951348789921224e-05
        },
        "6": {
          "mean": 5.6911516294348987e-05,
          "std": 1.5951336127642992e-05
        },
        "7": {
          "mean": 5.6911505962489175e-05,
          "std": 1.595132961144537e-05
        },
        "8": {
          "mean": 5.691152262443211e-05,
          "std": 1.595132753217896e-05
        },
        "9": {
          "mean": 5.691149606718682e-05,
          "std": 1.5951338691226456e-05
        }
      },
      "improvement_factor": {
        "mean": 1.092856048816384,
        "std": 0.21723934397481137
      },
      "convergence_iteration": 2,
      "actual_kappas": {
        "mean": 2.7422659320384266,
        "std": 0.8432250384147771,
        "min": 1.0247175693511963,
        "max": 5.267901420593262
      }
    },
    "10": {
      "mse_by_iteration": {
        "0": {
          "mean": 0.0001374873453460168,
          "std": 8.528041615530905e-05
        },
        "1": {
          "mean": 0.00011321836558636278,
          "std": 2.9921504977080537e-05
        },
        "2": {
          "mean": 0.00011382147509721108,
          "std": 3.3445383141984186e-05
        },
        "3": {
          "mean": 0.00011472969257738442,
          "std": 3.523945138472812e-05
        },
        "4": {
          "mean": 0.0001152251624444034,
          "std": 3.612702117217261e-05
        },
        "5": {
          "mean": 0.00011547989895916545,
          "std": 3.657880321475082e-05
        },
        "6": {
          "mean": 0.00011560862069018185,
          "std": 3.680822011796406e-05
        },
        "7": {
          "mean": 0.0001156738877762109,
          "std": 3.692460602651866e-05
        },
        "8": {
          "mean": 0.00011570705042686313,
          "std": 3.6983551251205336e-05
        },
        "9": {
          "mean": 0.00011572402247111312,
          "std": 3.701361156716436e-05
        }
      },
      "improvement_factor": {
        "mean": 1.1563454366164498,
        "std": 0.3949236340529227
      },
      "convergence_iteration": 2,
      "actual_kappas": {
        "mean": 4.446191295534373,
        "std": 1.959435189667693,
        "min": 1.0670758485794067,
        "max": 10.349446296691895
      }
    },
    "20": {
      "mse_by_iteration": {
        "0": {
          "mean": 0.00022876542556332424,
          "std": 7.230668205525748e-05
        },
        "1": {
          "mean": 0.00021813835599459707,
          "std": 7.795346732720644e-05
        },
        "2": {
          "mean": 0.00022867486957693474,
          "std": 0.00013524225872244472
        },
        "3": {
          "mean": 0.00023681955572101286,
          "std": 0.0001878632851758942
        },
        "4": {
          "mean": 0.00024292286107083783,
          "std": 0.00022877953596254385
        },
        "5": {
          "mean": 0.0002474900643574074,
          "std": 0.0002597869525609078
        },
        "6": {
          "mean": 0.00025091914751101285,
          "std": 0.00028320853114873384
        },
        "7": {
          "mean": 0.0002535060030641034,
          "std": 0.0003009389215639398
        },
        "8": {
          "mean": 0.00025546636417857373,
          "std": 0.0003144031734518201
        },
        "9": {
          "mean": 0.00025695756747154516,
          "std": 0.0003246609371615302
        }
      },
      "improvement_factor": {
        "mean": 1.0651207581743394,
        "std": 0.22491302107833858
      },
      "convergence_iteration": 2,
      "actual_kappas": {
        "mean": 7.178802492432296,
        "std": 4.039960577873634,
        "min": 1.085397720336914,
        "max": 21.101486206054688
      }
    },
    "50": {
      "mse_by_iteration": {
        "0": {
          "mean": 0.0007676030282163992,
          "std": 0.00030493027530635266
        },
        "1": {
          "mean": 0.0007356576313031837,
          "std": 0.00035578518935109265
        },
        "2": {
          "mean": 0.0007527521613519639,
          "std": 0.00040413209017958534
        },
        "3": {
          "mean": 0.000762127821217291,
          "std": 0.0004398756478602439
        },
        "4": {
          "mean": 0.0007678193034371361,
          "std": 0.00046547007545856897
        },
        "5": {
          "mean": 0.0007714809884782881,
          "std": 0.0004833911762994156
        },
        "6": {
          "mean": 0.0007739064667839557,
          "std": 0.000495872368526845
        },