{
  "1": {
    "task": {
      "name": "LINEAR_SYSTEM",
      "desc": "Ax=b, SPD (inverse problem)",
      "K": 5
    },
    "train_time": 3371.0998797416687,
    "results": {
      "undamped": {
        "mse_per_iter": [
          0.00039144372664547215,
          0.0002570182788379801,
          0.00025689027146048226,
          0.0002572253938221062,
          0.0002573570178356022,
          0.0002573965660606821,
          0.00025740817945916203,
          0.0002574118285944375,
          0.00025741294278608016,
          0.0002574131023720838
        ],
        "best_iter": 2,
        "improvement": 1.523777932188796,
        "mono_improving": 2
      },
      "damped_0.5": {
        "mse_per_iter": [
          0.0004371759113079558,
          0.00032198051533972226,
          0.0002922306727365746,
          0.00028469983444665556,
          0.0002829111595929135,
          0.00028256945637015937,
          0.0002825654761788125,
          0.00028262195774004796,
          0.00028267546755766183,
          0.00028271596165723166
        ],
        "best_iter": 6,
        "improvement": 1.5471667566044163,
        "mono_improving": 6
      }
    }
  },
  "2": {
    "task": {
      "name": "NOISY_REGRESS",
      "desc": "y=Wx, noisy W + context (forward prob)",
      "K": 5
    },
    "train_time": 2603.7765288352966,
    "results": {
      "undamped": {
        "mse_per_iter": [
          0.9790304700533549,
          1.014449139436086,
          1.4300159374872843,
          2.0304675857226053,
          2.522779063383738,
          2.8739511569341025,
          3.1296570777893065,
          3.3245855569839478,
          3.479436151186625,
          3.6070815245310466
        ],
        "best_iter": 0,
        "improvement": 1.0,
        "mono_improving": 0
      },
      "damped_0.5": {
        "mse_per_iter": [
          1.0053764164447785,
          1.0149207850297293,
          1.1161328812440237,
          1.3398315548896789,
          1.6235658764839171,
          1.9180906216303508,
          2.1917733510335284,
          2.4318356275558473,
          2.6383680582046507,
          2.8160098751386005
        ],
        "best_iter": 0,
        "improvement": 1.0,
        "mono_improving": 0
      }
    }
  },
  "3": {
    "task": {
      "name": "KERNEL_REGRESS",
      "desc": "Kernel regression, K_reg matrix (K=d)",
      "K": 4
    },
    "train_time": 2567.642678976059,
    "results": {
      "undamped": {
        "mse_per_iter": [
          0.002733757657309373,
          0.0026280739344656467,
          0.0026325010888588927,
          0.002632840350270271,
          0.0026328657753765584,
          0.00263286722280706,
          0.0026328674090715745,
          0.0026328674129520854,
          0.0026328674711597463,
          0.002632867319819828
        ],
        "best_iter": 1,
        "improvement": 1.0402133750720428,
        "mono_improving": 1
      },
      "damped_0.5": {
        "mse_per_iter": [
          0.002825818560086191,
          0.0027117485995404424,
          0.0026931378408335148,
          0.0026945320850548645,
          0.002698349064060797,
          0.0027012371341697873,
          0.0027030238027994833,
          0.0027040533915472526,
          0.002704629205012073,
          0.0027049473486840726
        ],
        "best_iter": 2,
        "improvement": 1.0492662192186983,
        "mono_improving": 2
      }
    }
  }
}