{
  "config": {
    "d": 4,
    "n_embd": 128,
    "n_layer": 6,
    "n_head": 4,
    "training_steps": 50000,
    "batch_size": 64,
    "lr": 0.0001,
    "warmup_steps": 1000,
    "weight_decay": 1e-05,
    "max_grad_norm": 1.0,
    "num_context": 5,
    "kappa_min": 1.0,
    "kappa_max": 100.0,
    "test_iterations": 5,
    "test_batches": 50,
    "kappa_ranges": [
      [
        1,
        10
      ],
      [
        10,
        50
      ],
      [
        50,
        100
      ],
      [
        100,
        200
      ]
    ],
    "output_dir": "results/section1",
    "device": "cuda",
    "log_every": 500
  },
  "phenomenon": "naive_refinement_failure",
  "testing": {
    "1-10": {
      "mse_by_iteration": {
        "0": {
          "mean": 7.899411903053988e-05,
          "std": 0.0001485335719461403
        },
        "1": {
          "mean": 0.6792243087291717,
          "std": 0.06279260215289624
        },
        "2": {
          "mean": 0.6701026391983033,
          "std": 0.059237514094669694
        },
        "3": {
          "mean": 0.7044434511661529,
          "std": 0.05842181449463112
        },
        "4": {
          "mean": 0.6824579000473022,
          "std": 0.05581049662976036
        }
      },
      "degradation_factor": 8639.350731710261
    },
    "10-50": {
      "mse_by_iteration": {
        "0": {
          "mean": 0.00036407833395060154,
          "std": 0.00028057642085740306
        },
        "1": {
          "mean": 0.4490665793418884,
          "std": 0.028702456564070288
        },
        "2": {
          "mean": 0.4508598214387894,
          "std": 0.027309157277234545
        },
        "3": {
          "mean": 0.49889508068561556,
          "std": 0.026439545149502548
        },
        "4": {
          "mean": 0.4782574188709259,
          "std": 0.02470959742151301
        }
      },
      "degradation_factor": 1313.611314579945
    },
    "50-100": {
      "mse_by_iteration": {
        "0": {
          "mean": 0.0011205767327919602,
          "std": 0.000457658447324037
        },
        "1": {
          "mean": 0.41934694945812223,
          "std": 0.03085324383342142
        },
        "2": {
          "mean": 0.4244742238521576,
          "std": 0.029816049934270967
        },
        "3": {
          "mean": 0.47275801956653596,
          "std": 0.02966316441082
        },
        "4": {
          "mean": 0.4567862719297409,
          "std": 0.028638540704663942
        }
      },
      "degradation_factor": 407.6349780988583
    },
    "100-200": {
      "mse_by_iteration": {
        "0": {
          "mean": 0.002547339526936412,
          "std": 0.000989970275510348
        },
        "1": {
          "mean": 0.4017088204622269,
          "std": 0.027453803280178563
        },
        "2": {
          "mean": 0.40834581553936006,
          "std": 0.02578086606255806
        },
        "3": {
          "mean": 0.4567808312177658,
          "std": 0.026226994156549686
        },
        "4": {
          "mean": 0.44340341627597807,
          "std": 0.02571645427630436
        }
      },
      "degradation_factor": 174.06529894711068
    }
  },
  "summary": {
    "avg_degradation_factor": 2633.665580834044,
    "conclusion": "Naive ICL self-refinement fails catastrophically"
  }
}